ReadName,ReadLength,Sequence,Chromosome,Gene,InsideGene,DistanceToGene,GeneDirection,Focus,GeneObj,FocusObj,HostLocalCords,Hlength,HostRefCords,HostOrientation,ViralAccession,ViralLocalCords,Vlength,ViralRefCords,ViralOrientation,HTM,HTMAdjusted,VTM,VTMAdjusted,Overlap,OverlapTM,OverlapTMAdjusted,Inserted,Microhomology,HostMapFlag,ViralMapFlag,HMapQ,VMapQ,FastqSource,Index,
41150.M02465:391:000000000-BBBV8:1:2105:9117:10977.2,149,AACACACTACACACACTACACACACCATGTACTACACGGACACAACATGCATCACACACATCAACTACAAGGAACATCGACTTGCAGCACAAGACAATGCAAGACCAGCACGATTCCTGCACAAGAAAACTCTATAATTAACTCATGTT,9,SYK,True,0,N/A,N/A,"['9', 'ensembl_havana', 'gene', '90801787', '90898549', '.', '+', '.', 'gene_id ENSG00000165025""; gene_version ""14""; gene_name ""SYK""; gene_source ""ensembl_havana""; gene_biotype ""protein_coding""; havana_gene ""OTTHUMG00000020200""; havana_gene_version ""1"";\n']""",None,"[1, 69]",69,"[90842043, 90842111]",Plus/Minus,gnl|hbvnuc|FJ032336_FT00000_P-C,"[61, 149]",89,"[478, 566]",Plus/Plus,72.98115942028986,90.8496131353772,73.92921348314607,92.27837066672387,9,24,30.004682077892042,[],False,16,137,2,22,E:/ngs_unzip/8651_10378_59690_BBBV8_S9K_A006_GCCAAT_R_split/8651_10378_59690_BBBV8_S9K_A006_GCCAAT_R_1_2.fastq,5,
95178.M02465:391:000000000-BBBV8:1:2105:25052:19755.2,149,ACATCATCACCATCATCACCATCACCATCATCACCAGCACCATCATCTCCATCACCAACAAGGTCACCAGATTCACCAACTCACCCCAACCAAGAACAGCTTGCCTGTCATCAGCATGGTCAGGTGCACAATGTTCAGCAGAATCTACG,4,N/A,N/A,N/A,N/A,N/A,None,None,"[2, 54]",53,"[6003769, 6003821]",Plus/Plus,gnl|hbvnuc|JF436923_FT00000_P-RF-CB,"[55, 147]",93,"[2025, 2117]",Plus/Minus,71.55283018867925,88.77550867817183,77.9494623655914,96.3699497412678,0,,,[],False,0,153,2,2,E:/ngs_unzip/8651_10378_59690_BBBV8_S9K_A006_GCCAAT_R_split/8651_10378_59690_BBBV8_S9K_A006_GCCAAT_R_1_2.fastq,9,
112044.M02465:391:000000000-BBBV8:1:2105:8970:22841.2,151,TGTGAGAGGAGGGGACTGTGTGAGCGGAGGGGGTTCTGTGAGAGGAGGGGATTATGAGAAAGGAGGGGGGTCTGTGAGAGGAGGCGGAACTCTGCGAAGCGTGGATGAGCGCAGAATGGTGAGGTGAACAATGTTCGGGAGTCGCTGAGAC,16_KI270855v1_alt,N/A,N/A,N/A,N/A,N/A,None,None,"[1, 84]",84,"[45111, 45194]",Plus/Minus,gnl|hbvnuc|FJ349229_FT00000_P-D,"[106, 149]",44,"[2023, 2066]",Plus/Minus,81.30000000000001,99.55044129272709,71.98181818181818,88.63485687714267,0,,,[],False,16,153,2,2,E:/ngs_unzip/8651_10378_59690_BBBV8_S9K_A006_GCCAAT_R_split/8651_10378_59690_BBBV8_S9K_A006_GCCAAT_R_1_2.fastq,13,
292984.M02465:391:000000000-BBBV8:1:2103:11050:7964.1,64,TGTCTGTCTCATTGGTTGGTTGATTTCCATTTATCCAGGGAATTAGTAGTCAGCTATGTCAACG,4,N/A,N/A,N/A,N/A,N/A,None,None,"[1, 32]",32,"[49321373, 49321404]",Plus/Plus,gnl|hbvnuc|GU815681_FT00000_P-B,"[33, 64]",32,"[2140, 2171]",Plus/Plus,59.26250000000001,74.65758414986995,61.82500000000001,77.22008414986995,0,,,[],False,0,99,0,0,E:/ngs_unzip/8651_10378_59690_BBBV8_S9K_A006_GCCAAT_R_split/8651_10378_59690_BBBV8_S9K_A006_GCCAAT_R_1_1.fastq,43,
417260.M02465:391:000000000-BBBV8:1:2104:10956:6250.1,150,AATTTTCTCATCATACATACAAGGCCTACCTATCTTTATATCTCATCTCGAATGCCGTCGTCTAAGTCAAACGAACCACTGAACAAATGGCACTAGTAAACTGAGCCATGAGAAACGGACTGAGGCCCACTCCCATAGGAATCTTGCGAA,3,RPL39L,True,0,N/A,N/A,"['3', 'ensembl_havana', 'gene', '187120948', '187180908', '.', '-', '.', 'gene_id ENSG00000163923""; gene_version ""9""; gene_name ""RPL39L""; gene_source ""ensembl_havana""; gene_biotype ""protein_coding""; havana_gene ""OTTHUMG00000156465""; havana_gene_version ""2"";\n']""",None,"[1, 49]",49,"[187165990, 187166038]",Plus/Plus,gnl|hbvnuc|JN827422_FT00000_P-C,"[71, 150]",80,"[626, 705]",Plus/Minus,64.56530612244899,81.56064537435974,76.4825,94.64508414986994,0,,,[],False,0,83,22,1,E:/ngs_unzip/8651_10378_59690_BBBV8_S9K_A006_GCCAAT_R_split/8651_10378_59690_BBBV8_S9K_A006_GCCAAT_R_1_1.fastq,59,
529109.M02465:391:000000000-BBBV8:1:2104:8492:26366.2,151,CGTTGACATAGCTGACTACTAATTCCCTGGATGCTGGGTCTTCCAAATTACTTCCCACCCAGGTGGCCAGATTCATCAACTCACCCCAACACATACTATCTTTCCTTATTTCTTTATTTTTCTTTTAACCCTTTTCCTTCTCCTCTCCTTC,3,N/A,N/A,N/A,N/A,N/A,None,None,"[117, 149]",33,"[96542930, 96542962]",Plus/Plus,gnl|hbvnuc|KR013763_FT00000_P-C,"[3, 93]",91,"[2079, 2169]",Plus/Minus,59.43333333333334,74.96819021047601,77.33516483516485,95.72077096305676,0,,,[],False,0,147,22,1,E:/ngs_unzip/8651_10378_59690_BBBV8_S9K_A006_GCCAAT_R_split/8651_10378_59690_BBBV8_S9K_A006_GCCAAT_R_1_2.fastq,70,
529557.M02465:391:000000000-BBBV8:1:2104:7781:26478.2,151,GCTATGCCTCCTCTTCTTGTTGGCTCTTCTGCACTACCACGGTCTGTTGCCCGTTTGTCCTCTACTTCCCGGACCCTCAACTACCCTCCCCTTTCCCTTCCCTCCCTTCCCTCTTCCTTCTCCCTTCCCCTCTCTCTTTCCCTCTTTTTCC,X,N/A,N/A,N/A,N/A,N/A,None,None,"[99, 145]",47,"[68182388, 68182434]",Plus/Minus,gnl|hbvnuc|JN827425_FT00000_P-C,"[1, 85]",85,"[418, 502]",Plus/Plus,74.14680851063831,91.01396712859334,79.66000000000001,97.93111356163466,0,,,"[[36, 38], [45, 46]]",False,16,163,2,11,E:/ngs_unzip/8651_10378_59690_BBBV8_S9K_A006_GCCAAT_R_split/8651_10378_59690_BBBV8_S9K_A006_GCCAAT_R_1_2.fastq,72,
544705.M02465:391:000000000-BBBV8:1:2101:24860:4861.2,150,CGTTGACATAGCTGACTACTAATTCCCTGGATGCTGGGTCTTCCAAATTACTTCCCACCCAGGTGGCCAGATTAAGAAACTCACAACAAGAAAGAAAAGAGAGAGGGAGAGAAGTAGGGAGAGGAGAAAAAGGAGAAGGAGAAGGAAAGG,2,N/A,N/A,N/A,N/A,N/A,None,None,"[118, 146]",29,"[121125394, 121125422]",Plus/Minus,gnl|hbvnuc|KJ173327_FT00000_P-C,"[1, 99]",99,"[2073, 2171]",Plus/Minus,61.50689655172415,76.4248255291803,76.33030303030304,94.8469780892639,0,,,[],False,16,147,0,1,E:/ngs_unzip/8651_10378_59690_BBBV8_S9K_A006_GCCAAT_R_split/8651_10378_59690_BBBV8_S9K_A006_GCCAAT_R_1_2.fastq,83,
544319.M02465:391:000000000-BBBV8:1:2101:24416:4770.2,151,GTTGTACAGACTTGGCCCCCAATACAACATCATCCACATAACTGAAAGCAAAACAGTGGGGGAAAGACGTACGAAAAACTGAACAAAAGGAAAAAGGAAAGAGAGAAAAGAGAAAAGGAAGGAGGAAAAGAAAAAAAGGAAGAAAGAGAAA,4,COL25A1,True,0,N/A,N/A,"['4', 'ensembl_havana', 'gene', '108810721', '109302657', '.', '-', '.', 'gene_id ENSG00000188517""; gene_version ""14""; gene_name ""COL25A1""; gene_source ""ensembl_havana""; gene_biotype ""protein_coding""; havana_gene ""OTTHUMG00000150039""; havana_gene_version ""4"";\n']""",None,"[89, 151]",63,"[108966906, 108966968]",Plus/Minus,gnl|hbvnuc|JN827424_FT00000_P-C,"[1, 125]",125,"[651, 775]",Plus/Minus,67.8936507936508,85.5583778006636,76.5768,95.40358414986994,37,63.348648648648656,79.3670436093294,"[[125, 126]]",False,16,147,2,11,E:/ngs_unzip/8651_10378_59690_BBBV8_S9K_A006_GCCAAT_R_split/8651_10378_59690_BBBV8_S9K_A006_GCCAAT_R_1_2.fastq,84,
545085.M02465:391:000000000-BBBV8:1:2101:24554:4970.2,151,CGTTGACATAGCTGACTACTAATTCCCTGGCTGCTGGGTCTTCCAAATTACTTCCCACCCAGGTGGCCAGATCAAGAAACTCACAGAAAAAAAGAAAAGAAGGAAGGAGGGAAGAAAGGGGAGGGGAAGAAAGAGAGGGAGAGAAGAAGGA,17,N/A,N/A,N/A,N/A,transcript,None,"['17', 'ensembl_havana', 'transcript', '32492522', '32877177', '.', '-', '.', 'gene_id ENSG00000176658""; gene_version ""16""; transcript_id ""ENST00000318217""; transcript_version ""9""; gene_name ""MYO1D""; gene_source ""ensembl_havana""; gene_biotype ""protein_coding""; havana_gene ""OTTHUMG00000179636""; havana_gene_version ""2""; transcript_name ""MYO1D-001""; transcript_source ""ensembl_havana""; transcript_biotype ""protein_coding""; tag ""CCDS""; ccds_id ""CCDS32615""; havana_transcript ""OTTHUMT00000447457""; havana_transcript_version ""1""; tag ""basic""; transcript_support_level ""1"";\n']""","[88, 151]",64,"[32698336, 32698399]",Plus/Plus,gnl|hbvnuc|FJ386602_FT00000_P-C,"[1, 84]",84,"[2088, 2171]",Plus/Minus,72.97187500000001,90.67320914986995,77.3952380952381,95.64567938796519,0,,,"[[23, 25]]",False,0,147,2,11,E:/ngs_unzip/8651_10378_59690_BBBV8_S9K_A006_GCCAAT_R_split/8651_10378_59690_BBBV8_S9K_A006_GCCAAT_R_1_2.fastq,85,
546267.M02465:391:000000000-BBBV8:1:2101:25010:5272.2,150,CGTTGACATAGCTGACTACTAATTCCCTGGATGCTGGGTCTTCCAAATTACTTCCCAACCAGGTGGCCAGATTGAAGAACTCACGAAAAAAGAGAAAAGAGGGGGGGAGGGGGGGAGGGAGAGGGGAAGAAAGGGAGGGAGAGAGGAAGG,2,N/A,N/A,N/A,N/A,N/A,None,None,"[124, 150]",27,"[189243215, 189243241]",Plus/Minus,gnl|hbvnuc|KJ173319_FT00000_P-C,"[3, 84]",82,"[2088, 2169]",Plus/Minus,64.2925925925926,78.83351007579589,75.7,93.90758414986995,0,,,[],False,16,147,2,11,E:/ngs_unzip/8651_10378_59690_BBBV8_S9K_A006_GCCAAT_R_split/8651_10378_59690_BBBV8_S9K_A006_GCCAAT_R_1_2.fastq,90,
546963.M02465:391:000000000-BBBV8:1:2101:24767:5436.2,150,CGTTGACAGAGCTGCCTACTAATTCCCTGGATGCTGGGTCTTCCAAATTACTTCCCACCCAGGTGGCCAGATTAAAAAACTCACGAGAAAAAAGAAGAGAGGGGAGGAGAGAGGGAAGGGGAGGAGAAGAAGGAGAAGGAGAAGAGAAGG,9,N/A,N/A,N/A,N/A,N/A,None,None,"[121, 150]",30,"[106249703, 106249732]",Plus/Plus,gnl|hbvnuc|JX429905_FT00000_P-C,"[3, 84]",82,"[2088, 2169]",Plus/Minus,62.98666666666667,78.07425081653662,76.2,94.40758414986995,0,,,[],False,0,147,2,11,E:/ngs_unzip/8651_10378_59690_BBBV8_S9K_A006_GCCAAT_R_split/8651_10378_59690_BBBV8_S9K_A006_GCCAAT_R_1_2.fastq,95,
549704.M02465:391:000000000-BBBV8:1:2101:5240:6097.1,149,CTCCTCTCCCCCTCCTCTTCTCTTTCTCTTTCTTCCTTCTCTTCTCCTTCCCCTTTTTCCCCTCCCCCTCCATCACTCAGGCAAGCTATTCTGTGTTGTGGTGAGTTGATGAATCTTTCCACCTGTGTGGTAATTAATTTTTAAGACCC,12,N/A,N/A,N/A,N/A,N/A,None,None,"[1, 71]",71,"[110820602, 110820672]",Plus/Plus,gnl|hbvnuc|KR013843_FT00000_P-RF-CB,"[74, 149]",76,"[2061, 2136]",Plus/Plus,77.95070422535213,95.87941513578544,72.77631578947368,90.84179467618574,0,,,"[[21, 26], [34, 35]]",False,0,97,22,0,E:/ngs_unzip/8651_10378_59690_BBBV8_S9K_A006_GCCAAT_R_split/8651_10378_59690_BBBV8_S9K_A006_GCCAAT_R_1_1.fastq,99,
662289.M02465:391:000000000-BBBV8:1:2101:8636:26403.2,151,GTTGTACAGACTTGGCCCCCAATACCACATCATCCACATAACTGAAAGCCAAACAGTGGGGGAAAGCCCTACGAACCACTGAACCCCTCTCCCTCTTCCCCTCCTCCCTTCTCCCCCTCCTTCTTCCCCCTCCCCTCCTCCTCTTTCTCCC,5,AC005215.1,False,5204.0,Down stream,N/A,"['5', 'ensembl', 'gene', '142534255', '142534345', '.', '-', '.', 'gene_id ENSG00000280643""; gene_version ""1""; gene_name ""AC005215.1""; gene_source ""ensembl""; gene_biotype ""miRNA"";\n']""",None,"[84, 145]",62,"[142539549, 142539610]",Plus/Minus,gnl|hbvnuc|AB195951_FT00000_P-RF-CB,"[1, 84]",84,"[692, 775]",Plus/Minus,81.16774193548387,98.79468092406348,77.3952380952381,95.64567938796519,1,4,10.00468207789204,"[[88, 89], [99, 102]]",False,16,147,22,1,E:/ngs_unzip/8651_10378_59690_BBBV8_S9K_A006_GCCAAT_R_split/8651_10378_59690_BBBV8_S9K_A006_GCCAAT_R_1_2.fastq,104,
678187.M02465:391:000000000-BBBV8:1:2102:24974:5040.2,150,TGGACCCTGCGTTCGGAGCCAACTCAAACAATCCCGATTGGGACTTCAACCCCAACAAGGATCACTGGCCAGAGGGAAATCAGGAAGGAGAGGGAGGAGGGGGGAAAGGGGGGAGAGAGGAAGAGGGAAGGGAAGGGAAAGAGGGGAGGG,6,N/A,N/A,N/A,N/A,N/A,None,None,"[124, 150]",27,"[8181429, 8181455]",Plus/Minus,gnl|hbvnuc|X75665_FT00000_P-C,"[1, 96]",96,"[2936, 3031]",Plus/Plus,65.81111111111112,80.35202859431439,80.53125,99.00133414986995,0,,,[],False,16,163,2,11,E:/ngs_unzip/8651_10378_59690_BBBV8_S9K_A006_GCCAAT_R_split/8651_10378_59690_BBBV8_S9K_A006_GCCAAT_R_1_2.fastq,110,
682284.M02465:391:000000000-BBBV8:1:2102:5452:6074.1,151,TCTCTTCCTCTCCCCCTTCTCCCCTCCCTTCCCTCCCCTTTCTCTTCTTCCTTCTTCTTCTTTCCCCCCCAAACTATCTTTACCTATTTTTTCTTTCCAAAACCTTCTGACGTATACTCTACTTTTATTATCATCCCATCATCTTGGTCTT,1,RP5-1024N4.4,True,0,N/A,N/A,"['1', 'havana', 'gene', '48227888', '48229561', '.', '-', '.', 'gene_id ENSG00000272491""; gene_version ""1""; gene_name ""RP5-1024N4.4""; gene_source ""havana""; gene_biotype ""antisense""; havana_gene ""OTTHUMG00000185781""; havana_gene_version ""1"";\n']""",None,"[4, 28]",25,"[48228007, 48228031]",Plus/Plus,gnl|hbvnuc|GQ377551_FT00000_P-C,"[74, 151]",78,"[549, 626]",Plus/Plus,65.88400000000001,79.98758414986995,69.42051282051283,87.53578927807507,0,,,[],False,0,99,0,2,E:/ngs_unzip/8651_10378_59690_BBBV8_S9K_A006_GCCAAT_R_split/8651_10378_59690_BBBV8_S9K_A006_GCCAAT_R_1_1.fastq,117,
771795.M02465:391:000000000-BBBV8:1:2102:14930:21566.2,149,ACATCATCACCACTACCAGCAGCATCTTCATGACTACCAAGATATGCTGCCCGTTTGTCCTCTACTTCAAGGAACATCAACCACCAGCACGGGGCCATGCAAGACCTGCACGATTCCTGCTCAAGGAACCTCTATGTTTCCCTCTTGTT,20,N/A,N/A,N/A,N/A,N/A,None,None,"[1, 31]",31,"[60906114, 60906144]",Plus/Minus,gnl|hbvnuc|AB195957_FT00000_P-RF-CB,"[25, 149]",125,"[442, 566]",Plus/Plus,61.72580645161291,76.9721002789022,79.8568,98.68358414986994,7,18,24.004682077892042,[],False,16,163,22,11,E:/ngs_unzip/8651_10378_59690_BBBV8_S9K_A006_GCCAAT_R_split/8651_10378_59690_BBBV8_S9K_A006_GCCAAT_R_1_2.fastq,121,
800722.M02465:391:000000000-BBBV8:1:2107:10249:2459.2,151,GTTATTGCTGTTGTTGTTGTTCTTGTTGTCGTTGTTGTTGTAATTGCTTCTGACGTAGTTGGTCATATTGATCATCTCGCTCCAACACAGGTTATCTTGCCTGAGTGTTTTATGGTTAGGTGAACAATGTTCCGGAGACTCTAAGGCCTCC,9,RP11-341A22.1,False,5664.0,Up stream,N/A,"['9', 'havana', 'gene', '103065416', '103065598', '.', '+', '.', 'gene_id ENSG00000229830""; gene_version ""1""; gene_name ""RP11-341A22.1""; gene_source ""havana""; gene_biotype ""processed_pseudogene""; havana_gene ""OTTHUMG00000020397""; havana_gene_version ""1"";\n']""",None,"[5, 29]",25,"[103059728, 103059752]",Plus/Minus,gnl|hbvnuc|KC774209_FT00000_P-C,"[42, 151]",110,"[2017, 2126]",Plus/Minus,52.76400000000001,66.86758414986996,77.0509090909091,95.71667505896086,0,,,[],False,16,153,22,0,E:/ngs_unzip/8651_10378_59690_BBBV8_S9K_A006_GCCAAT_R_split/8651_10378_59690_BBBV8_S9K_A006_GCCAAT_R_1_2.fastq,128,
808937.M02465:391:000000000-BBBV8:1:2107:24836:5033.2,151,AAAGCACTCAGGATGGATATTATGTGTTGGGGTTAGGTGCTGAATCAGGCGAACTGGATGGGAAGGAATTGGGAAGAGGGAGCAAGGAGGGAAGGAGGAGGAAGGGAGGAAAAGGGAAAGAAGAGAGAAGAAAAGAGAGAAAGAGAGGGGA,18,N/A,N/A,N/A,N/A,N/A,None,None,"[117, 146]",30,"[68493748, 68493777]",Plus/Plus,gnl|hbvnuc|EU939621_FT00000_P-RF-CB,"[4, 93]",90,"[2060, 2149]",Plus/Plus,56.15333333333334,71.24091748320329,78.38444444444445,96.75202859431438,0,,,[],False,0,163,2,2,E:/ngs_unzip/8651_10378_59690_BBBV8_S9K_A006_GCCAAT_R_split/8651_10378_59690_BBBV8_S9K_A006_GCCAAT_R_1_2.fastq,133,
811053.M02465:391:000000000-BBBV8:1:2107:24688:5540.2,151,GCTGTACATAATTAGCCCCCAACACCACATCAACCCCAAAACTGAAAGACAAACAGAGGGGGAAAGCCCTACGAAAGACTGAACAAAAGGAAAAAGGAAAAAGAGAAAAGAGAAAGGGAGGGAGAGAGAAAAAGAGAGGAAAAGAGAGAAA,12,N/A,N/A,N/A,N/A,N/A,None,None,"[116, 149]",34,"[4399342, 4399375]",Plus/Minus,gnl|hbvnuc|EU871982_FT00000_P-C,"[3, 119]",117,"[657, 773]",Plus/Minus,64.41764705882353,80.08405473810525,76.32393162393163,95.0699773122631,4,14,20.004682077892042,[],False,16,147,2,1,E:/ngs_unzip/8651_10378_59690_BBBV8_S9K_A006_GCCAAT_R_split/8651_10378_59690_BBBV8_S9K_A006_GCCAAT_R_1_2.fastq,141,
846537.M02465:391:000000000-BBBV8:1:2107:26161:12286.2,151,AACAACAACAGCAACAACAACAACAACCACTACAACCGCTACAACCACAACTCCATCAACTACAGGAACACCATCAAACACTAAAAAAACAAAACCTACAAGAAACTCACTTAACTCTAAGGGATAAGAAAATCGTAGATGGGGTACTTTA,9,N/A,N/A,N/A,N/A,N/A,None,None,"[1, 36]",36,"[86920060, 86920095]",Plus/Minus,gnl|hbvnuc|AB113878_FT00000_P-C,"[77, 151]",75,"[835, 909]",Plus/Plus,62.16666666666667,78.0742508165366,69.05466666666668,87.09425081653661,0,,,[],False,16,163,2,22,E:/ngs_unzip/8651_10378_59690_BBBV8_S9K_A006_GCCAAT_R_split/8651_10378_59690_BBBV8_S9K_A006_GCCAAT_R_1_2.fastq,147,
846536.M02465:391:000000000-BBBV8:1:2107:26161:12286.1,151,TGTTGTTGTTGTTGTTGTTGTTGTTGTTGGTGTTGTTGTTGTTTATGCTGTAATGGTTTTTGTGTTGGTTGGGGTGGGTGTGTTTGTTTAGAGTGTATTTATTGATATTGAGGCATTAGGGTAGGATAGCCACATTGTGTAACTGCGGCCG,17,N/A,N/A,N/A,N/A,N/A,None,None,"[1, 44]",44,"[62088357, 62088400]",Plus/Plus,gnl|hbvnuc|AB113878_FT00000_P-C,"[85, 142]",58,"[1028, 1085]",Plus/Minus,63.59545454545455,80.24849324077903,67.4448275862069,84.90758414986995,0,,,[],False,0,83,2,22,E:/ngs_unzip/8651_10378_59690_BBBV8_S9K_A006_GCCAAT_R_split/8651_10378_59690_BBBV8_S9K_A006_GCCAAT_R_1_1.fastq,149,
913296.M02465:391:000000000-BBBV8:1:2107:12101:23679.1,151,GGTGAGGATGGTGATGGTGATGATGGTGCTGGTGATACTAGTGATGTTGGCCATGAGAAAGGGACTGAGGCGGACATCGATAGGAAGCTTGTGAAGGTGCAGGAGGTGGGGGTGGGAATACAAGTGCAGTTTCCGTTCGAGGGTTTGGTAC,2,SPATA3,True,0,N/A,N/A,"['2', 'ensembl_havana', 'gene', '230996121', '231025055', '.', '+', '.', 'gene_id ENSG00000173699""; gene_version ""15""; gene_name ""SPATA3""; gene_source ""ensembl_havana""; gene_biotype ""protein_coding""; havana_gene ""OTTHUMG00000133221""; havana_gene_version ""4"";\n']""",None,"[3, 36]",34,"[231005066, 231005099]",Plus/Plus,gnl|hbvnuc|AB367419_FT00000_P-RF-CB,"[50, 151]",102,"[570, 671]",Plus/Minus,65.62352941176471,81.28993709104641,80.81764705882354,99.37817238516406,0,,,[],False,0,81,2,2,E:/ngs_unzip/8651_10378_59690_BBBV8_S9K_A006_GCCAAT_R_split/8651_10378_59690_BBBV8_S9K_A006_GCCAAT_R_1_1.fastq,152,
939787.M02465:391:000000000-BBBV8:1:2108:24938:4883.2,150,CGTTGACTTCGCTGACTACTAATTCCCTGGAAGCTGGGTCTTCCAAATTACTTCCCACCCAGGTGGCCAGATTGAAAAACTCACAGAAAAAAAGAAAAGAAAGAGAGAGGGAAGAAAGGAGAGGAGAAAAAAGGAAAGGAGAGGAAAAGG,8,N/A,N/A,N/A,N/A,N/A,None,None,"[96, 146]",51,"[21093740, 21093790]",Plus/Minus,gnl|hbvnuc|AB367397_FT00000_P-C,"[1, 84]",84,"[2088, 2171]",Plus/Minus,68.59803921568628,85.71150571849739,76.90714285714286,95.15758414986995,0,,,[],False,16,147,2,11,E:/ngs_unzip/8651_10378_59690_BBBV8_S9K_A006_GCCAAT_R_split/8651_10378_59690_BBBV8_S9K_A006_GCCAAT_R_1_2.fastq,161,
940405.M02465:391:000000000-BBBV8:1:2108:24438:5056.2,150,CGTTGACATAGCTGACTACTAATTCCCTGGATGCTGGGTCTTCCAAATTACTTCCCACCCAGGAGGCCAGATTAAGAAACTCACAGAAAAAAAGAAGAGAGGGGGAGAGAGGGGGAGGGAGAGGAGAAAAAGGGGAAGGAGAGGAGAAGG,17,TMEM92,False,7316.0,Up stream,N/A,"['17', 'ensembl_havana', 'gene', '50271406', '50281485', '.', '+', '.', 'gene_id ENSG00000167105""; gene_version ""7""; gene_name ""TMEM92""; gene_source ""ensembl_havana""; gene_biotype ""protein_coding""; havana_gene ""OTTHUMG00000162060""; havana_gene_version ""3"";\n']""",None,"[105, 143]",39,"[50264052, 50264090]",Plus/Minus,gnl|hbvnuc|KJ173327_FT00000_P-C,"[1, 84]",84,"[2088, 2171]",Plus/Minus,71.83846153846154,88.06143030371611,76.41904761904763,94.6694889117747,0,,,"[[137, 138]]",False,16,147,2,11,E:/ngs_unzip/8651_10378_59690_BBBV8_S9K_A006_GCCAAT_R_split/8651_10378_59690_BBBV8_S9K_A006_GCCAAT_R_1_2.fastq,163,
1052798.M02465:391:000000000-BBBV8:1:2108:9794:24814.1,149,CACCATCATAACCATCATCATCATCATCATCAAGCCTAAGAGCCTCCGGATCATCGTCCACCTCACCATACAGCACTCAAGCAACCTATTCTTTGTTGGGATGAGCTGATGAATCTGGCCACCTGGGAGGGAAGTAATTTGGAAGACCC,X,N/A,N/A,N/A,N/A,N/A,None,None,"[1, 32]",32,"[6133201, 6133232]",Plus/Plus,gnl|hbvnuc|KR013764_FT00000_P-C,"[34, 149]",116,"[2021, 2136]",Plus/Plus,59.26250000000001,74.65758414986995,80.31034482758622,99.04551518435271,0,,,[],False,0,99,2,1,E:/ngs_unzip/8651_10378_59690_BBBV8_S9K_A006_GCCAAT_R_split/8651_10378_59690_BBBV8_S9K_A006_GCCAAT_R_1_1.fastq,181,
1075797.M02465:391:000000000-BBBV8:1:2113:25061:5151.2,151,GTTGTACAGACGTTGCCCCCAATAACACATCATCCACATAACTGAAAGCTAAACATTGTGGTAAAGCCGTACGAAGAACTGAACAAAAGGAAGGAGGAAAGGGAGAAAAGAGAAAGGGAAAGAGGGAGAAAGGAAAAGGAAGAGGGAGAAA,18,ADNP2,True,0,N/A,N/A,"['18', 'ensembl_havana', 'gene', '80109031', '80147523', '.', '+', '.', 'gene_id ENSG00000101544""; gene_version ""8""; gene_name ""ADNP2""; gene_source ""ensembl_havana""; gene_biotype ""protein_coding""; havana_gene ""OTTHUMG00000172535""; havana_gene_version ""4"";\n']""",None,"[122, 147]",26,"[80121198, 80121223]",Plus/Plus,gnl|hbvnuc|AB670295_FT00000_P-C,"[1, 125]",125,"[651, 775]",Plus/Minus,59.53846153846155,73.8691226114084,77.23280000000001,96.05958414986995,4,14,20.004682077892042,[],False,0,147,22,1,E:/ngs_unzip/8651_10378_59690_BBBV8_S9K_A006_GCCAAT_R_split/8651_10378_59690_BBBV8_S9K_A006_GCCAAT_R_1_2.fastq,188,
1077423.M02465:391:000000000-BBBV8:1:2113:25275:5504.2,150,TGTTGACATAGCTGTCTACTAATTACCTGGACGCTGGGTCTTCCAAATTATTTCCCACCCAGTTGGCCAGATTAAGAAACTCACAGAAAGAGAGAAGAGGGGGGAGGAGAGGGGAAAGGAGAGGAGAAGAAAGGAGAGGAGAGAGAAAGG,11,AP000783.1,False,7375.0,Up stream,N/A,"['11', 'havana', 'gene', '123430737', '123435710', '.', '+', '.', 'gene_id ENSG00000254667""; gene_version ""2""; gene_name ""AP000783.1""; gene_source ""havana""; gene_biotype ""transcribed_unprocessed_pseudogene""; havana_gene ""OTTHUMG00000166002""; havana_gene_version ""3"";\n']""",None,"[91, 143]",53,"[123423310, 123423362]",Plus/Plus,gnl|hbvnuc|EU306721_FT00000_P-C,"[3, 84]",82,"[2088, 2169]",Plus/Minus,75.42075471698114,92.64343320647372,74.7,92.90758414986995,0,,,"[[39, 41]]",False,0,147,22,1,E:/ngs_unzip/8651_10378_59690_BBBV8_S9K_A006_GCCAAT_R_split/8651_10378_59690_BBBV8_S9K_A006_GCCAAT_R_1_2.fastq,194,
1076571.M02465:391:000000000-BBBV8:1:2113:24442:5324.2,151,CGTTGACATTGCTCACTTCTAATTTTAAGGATGCTGGGTCGTCGTAATTACTTCCCACCCAGGTGGCCAGATTAAGGAACTCACAGGAAAAGAGAAGAGAAAGAGAGAAAGAGGGAAGGAGAGGGGAAGAAAGAAGAGGAGAAGAGAAGGA,16,N/A,N/A,N/A,N/A,N/A,None,None,"[91, 151]",61,"[65750077, 65750137]",Plus/Minus,gnl|hbvnuc|DQ089801_FT00000_P-C,"[3, 84]",82,"[2088, 2169]",Plus/Minus,72.69672131147541,90.28463333019782,75.2,93.40758414986995,0,,,[],False,16,147,2,2,E:/ngs_unzip/8651_10378_59690_BBBV8_S9K_A006_GCCAAT_R_split/8651_10378_59690_BBBV8_S9K_A006_GCCAAT_R_1_2.fastq,196,
1077777.M02465:391:000000000-BBBV8:1:2113:24589:5585.2,151,CGTTGACATAGCTGACTACTAATTACCTGGATGCTGGGTCTTCCAAATTACTTCCCACCCAGGTGGCCAGATTGAAGAACTCACAAAAAGAAAGAAAAGGGAGGGGGAGAGAGGGAAGGAGAGGAGAAGAAGGAGAAGGAGAAGAAAAGGA,6_GL000254v2_alt,N/A,N/A,N/A,N/A,N/A,None,None,"[115, 151]",37,"[939505, 939541]",Plus/Minus,gnl|hbvnuc|GQ377538_FT00000_P-C,"[3, 84]",82,"[2088, 2169]",Plus/Minus,65.56486486486487,81.58325982554562,75.7,93.90758414986995,0,,,[],False,16,147,2,1,E:/ngs_unzip/8651_10378_59690_BBBV8_S9K_A006_GCCAAT_R_split/8651_10378_59690_BBBV8_S9K_A006_GCCAAT_R_1_2.fastq,201,
1199644.M02465:391:000000000-BBBV8:1:2113:10498:27941.1,150,AGCCACTGCATCAAGTGCTACCTAAGCAGAGAGGCCCACAAACACACGCAAAAACATACACCGCACAAAAAAGCAACCCACAAAGAAATTATATGTTGGCGTGAGTTGATGAATCTAACCAACAGCGTGGGAAGCAATTTAAAAGACACA,2,N/A,N/A,N/A,N/A,N/A,None,None,"[1, 50]",50,"[237465012, 237465061]",Plus/Minus,gnl|hbvnuc|M38454_FT00000_P-RF-CB,"[94, 150]",57,"[2081, 2137]",Plus/Plus,73.59200000000001,90.64758414986996,70.36666666666667,87.7847771323261,0,,,[],False,16,73,22,22,E:/ngs_unzip/8651_10378_59690_BBBV8_S9K_A006_GCCAAT_R_split/8651_10378_59690_BBBV8_S9K_A006_GCCAAT_R_1_1.fastq,218,
1214737.M02465:391:000000000-BBBV8:1:2114:24451:5659.2,149,CGAAGAAAGAGAGGAAGAAAAAGGAAGAGGAGGGTGGGAAGGAAAAAAGAAGGGAGAAAAAGGGGGAAAGAAACATCAAATAATCCCAACACAGAATAGCCTGCCTGAGTGCTGTATGGTGAGGTGAACAATGTTACGGAGACTCTAAG,13,N/A,N/A,N/A,N/A,N/A,None,None,"[10, 43]",34,"[43651241, 43651274]",Plus/Minus,gnl|hbvnuc|AB195956_FT00000_P-RF-CB,"[61, 149]",89,"[2023, 2111]",Plus/Minus,65.62352941176471,81.28993709104641,75.77191011235956,94.12106729593737,0,,,"[[30, 31]]",False,16,145,22,0,E:/ngs_unzip/8651_10378_59690_BBBV8_S9K_A006_GCCAAT_R_split/8651_10378_59690_BBBV8_S9K_A006_GCCAAT_R_1_2.fastq,223,
1214719.M02465:391:000000000-BBBV8:1:2114:24686:5658.2,149,CGAAGAAAAAGAGGAAGAAAAAGAAAAAGGAGGATGGGAAGAAGAAAAGAAGAGAGAATGAGGAGGGAAGAAACATCAAATAAGCCCAACACAGAATAGCTTGCCTGAGTGCTGTATGGAGAGGTGAACAATGTTCCGGAGACTCTAAC,16,RP11-44I10.5,False,9758.0,Up stream,N/A,"['16', 'havana', 'gene', '48470953', '48471133', '.', '-', '.', 'gene_id ENSG00000260688""; gene_version ""1""; gene_name ""RP11-44I10.5""; gene_source ""havana""; gene_biotype ""processed_pseudogene""; havana_gene ""OTTHUMG00000175419""; havana_gene_version ""1"";\n']""",None,"[3, 50]",48,"[48461148, 48461195]",Plus/Plus,gnl|hbvnuc|KR013781_FT00000_P-C,"[61, 148]",88,"[2024, 2111]",Plus/Minus,64.55833333333334,81.49091748320329,75.89545454545456,94.22576596805177,0,,,"[[113, 115], [121, 123]]",False,0,145,22,0,E:/ngs_unzip/8651_10378_59690_BBBV8_S9K_A006_GCCAAT_R_split/8651_10378_59690_BBBV8_S9K_A006_GCCAAT_R_1_2.fastq,224,
1214499.M02465:391:000000000-BBBV8:1:2114:25198:5597.2,151,AGAGAAAGAAGGAAAGGAAGAAAGAGGAGGGGGGAGGGGAAGAAAAAGGGAAAAGGGGTGGGAAGAAAGAGGGAAGAAGGAGGATCCAGGGAATTAGAAGTCAGCTATGTCAACGTTAATATGGGCCTAAAAATCAGACAACTAGATCGGA,6,SNRPEP6,False,201.0,Up stream,N/A,"['6', 'havana', 'gene', '148567378', '148567654', '.', '-', '.', 'gene_id ENSG00000217824""; gene_version ""1""; gene_name ""SNRPEP6""; gene_source ""havana""; gene_biotype ""processed_pseudogene""; havana_gene ""OTTHUMG00000015775""; havana_gene_version ""1"";\n']""",None,"[1, 25]",25,"[148567153, 148567177]",Plus/Minus,gnl|hbvnuc|GU815695_FT00000_P-B,"[56, 144]",89,"[2112, 2200]",Plus/Plus,52.76400000000001,66.86758414986996,75.31123595505619,93.66039313863399,0,,,[],False,16,161,22,0,E:/ngs_unzip/8651_10378_59690_BBBV8_S9K_A006_GCCAAT_R_split/8651_10378_59690_BBBV8_S9K_A006_GCCAAT_R_1_2.fastq,225,
1558975.M02465:391:000000000-BBBV8:1:2112:4585:17235.2,149,ACATCATCACCATCATCACCATCACCATCATCGCCATCACCACCATCACCATCATCACCAACATGACCAGAACAATAACCTCACCACCACAATCAACATCTTGACCAACAGCAGCATGGTGAGGTGAACAATGTTCCGGAGACTCTCAG,16,N/A,N/A,N/A,N/A,N/A,None,None,"[2, 54]",53,"[86394069, 86394121]",Plus/Minus,gnl|hbvnuc|KC774361_FT00000_P-C,"[80, 149]",70,"[2023, 2092]",Plus/Minus,72.32641509433964,89.5490935838322,75.79428571428572,93.69329843558424,0,,,[],False,16,145,2,0,E:/ngs_unzip/8651_10378_59690_BBBV8_S9K_A006_GCCAAT_R_split/8651_10378_59690_BBBV8_S9K_A006_GCCAAT_R_1_2.fastq,270,
1558974.M02465:391:000000000-BBBV8:1:2112:4585:17235.1,149,GGTGATGATGGCGATGGTGATGATGGTGATGGTGATGATGGGGATGATGGAGATGGTGGTGATGATGATGCTGATCTGAGGCAGGCTGTTCTGTGGTTGAGTGAGTTGATGAAGATGGCGATCTGGGTGGGGATGTATATGTAAGACCC,4,N/A,N/A,N/A,N/A,N/A,None,None,"[1, 69]",69,"[6003773, 6003841]",Plus/Plus,gnl|hbvnuc|KC774361_FT00000_P-C,"[79, 149]",71,"[2066, 2136]",Plus/Plus,75.35797101449276,93.2264247295801,76.21830985915494,94.14702076958825,0,,,"[[64, 65]]",False,0,97,2,2,E:/ngs_unzip/8651_10378_59690_BBBV8_S9K_A006_GCCAAT_R_split/8651_10378_59690_BBBV8_S9K_A006_GCCAAT_R_1_1.fastq,271,
1623213.M02465:391:000000000-BBBV8:1:2109:24468:4549.2,151,TGAAACATGCGTTCCGAGCCAACAAAAACAATTACGATTGGGGATCCAACTTCAACAAGGATCACTGGGAAGAGGAAAATAATGGAGGAGGAGGAGAAAAAAGGAAAGGGAAGAGAAAGGAAGAGAGAAGAGAAGGGAAAGAGAGGAGGGA,10,N/A,N/A,N/A,N/A,N/A,None,None,"[123, 148]",26,"[28953747, 28953772]",Plus/Plus,gnl|hbvnuc|JX504541_FT00000_P-C,"[8, 96]",89,"[2943, 3031]",Plus/Plus,59.53846153846155,73.8691226114084,76.23258426966292,94.58174145324074,0,,,[],False,0,161,22,0,E:/ngs_unzip/8651_10378_59690_BBBV8_S9K_A006_GCCAAT_R_split/8651_10378_59690_BBBV8_S9K_A006_GCCAAT_R_1_2.fastq,284,
1623909.M02465:391:000000000-BBBV8:1:2109:24355:4710.2,151,CGAAGATATAGATGACTACTAATAAACTGGATGATGGGTCTTAAAAATTAATTCGCAACCAGGTGGGCAGATAAAAAAAGTAACAAAAAAAGAGAAGAGAGAGAAGGAGGGAAGAAGGGAGAGGAGAAGAAGGAAGAGGAGAAAAAAAGGA,8,N/A,N/A,N/A,N/A,N/A,None,None,"[96, 151]",56,"[54865318, 54865373]",Plus/Plus,gnl|hbvnuc|KC774434_FT00000_P-RF-DC,"[5, 72]",68,"[2100, 2167]",Plus/Minus,71.92857142857143,89.30044129272709,70.08529411764707,87.92229003222289,0,,,"[[15, 16]]",False,0,147,2,1,E:/ngs_unzip/8651_10378_59690_BBBV8_S9K_A006_GCCAAT_R_split/8651_10378_59690_BBBV8_S9K_A006_GCCAAT_R_1_2.fastq,286,
1626981.M02465:391:000000000-BBBV8:1:2109:25040:5432.2,150,CGAGGATATAGATGACTACTAATAAACTGGATGATGGGTCTTAAAAATTATTTCGCATCCAGGTGGTCAGATGGAGAAAGTTACAAAAAAAGAGAAGAGAGAGAAAGAGAGAGGGAAGGAGAGGAGAAAAAGGAAAAGGAGAGAAAAAGG,13,N/A,N/A,N/A,N/A,N/A,None,None,"[92, 147]",56,"[22312589, 22312644]",Plus/Plus,gnl|hbvnuc|AB640730_FT00000_P-C,"[5, 72]",68,"[2100, 2167]",Plus/Minus,70.46428571428572,87.83615557844138,69.48235294117647,87.3193488557523,0,,,"[[11, 12]]",False,0,147,2,1,E:/ngs_unzip/8651_10378_59690_BBBV8_S9K_A006_GCCAAT_R_split/8651_10378_59690_BBBV8_S9K_A006_GCCAAT_R_1_2.fastq,293,
1713555.M02465:391:000000000-BBBV8:1:2109:8397:20186.2,149,GCAACATCACCACCTTCATCACCACCGCCACCACTACCAACATCACCATCCCCATCATCCTCACCATCCACGCCCACCAACTACCCGCCCGCGGCCATACAACACCTGCAAGAATCCTGCTCAACAAACCTCTCTGTTTCCCTCTTGTT,1,N/A,N/A,N/A,N/A,N/A,None,None,"[2, 48]",47,"[29723766, 29723812]",Plus/Plus,gnl|hbvnuc|JN827424_FT00000_P-C,"[58, 149]",92,"[475, 566]",Plus/Plus,72.40212765957448,89.26928627752953,80.31956521739131,98.72280154117429,0,,,[],False,0,163,22,1,E:/ngs_unzip/8651_10378_59690_BBBV8_S9K_A006_GCCAAT_R_split/8651_10378_59690_BBBV8_S9K_A006_GCCAAT_R_1_2.fastq,301,
1718291.M02465:391:000000000-BBBV8:1:2109:3235:20985.2,151,CGTTGACATAGCTGACTACTAATTCCCTGGATGCTGGGTCTTCCAAATTACTTCCCACCCAGGTGGCCAGATTCATCAACTCACAAAAAGAGAGAATAGCAGGAGGGAGAGAGGAAGGGAGAGGAGAAAAAGGAGAAGGAGAGGGAAAGGA,19,N/A,N/A,N/A,N/A,N/A,None,None,"[118, 143]",26,"[24180315, 24180340]",Plus/Minus,gnl|hbvnuc|JF828913_FT00000_P-C,"[1, 100]",100,"[2072, 2171]",Plus/Minus,59.53846153846155,73.8691226114084,77.036,95.56758414986994,0,,,[],False,16,147,2,1,E:/ngs_unzip/8651_10378_59690_BBBV8_S9K_A006_GCCAAT_R_split/8651_10378_59690_BBBV8_S9K_A006_GCCAAT_R_1_2.fastq,305,
1793045.M02465:391:000000000-BBBV8:1:2110:13486:11395.2,151,CCATCACCAGCACCACCACTACCATCACCATCATCATCACCACCACCACCACAGCATCGGCGGCTAGCCTCCCAAACCTCGACAACACATGGAGACGAATCTTCCTGTTCCCAATCCTCTGGGATACTTTCCCGATCACCAGTTGGACCCT,14,N/A,N/A,N/A,N/A,N/A,None,None,"[1, 52]",52,"[97136507, 97136558]",Plus/Plus,gnl|hbvnuc|KC774442_FT00000_P-RF-DC,"[51, 151]",101,"[2843, 2943]",Plus/Plus,74.83461538461539,92.00373799602379,80.56930693069307,99.11550494194915,2,6,12.00468207789204,[],False,0,163,9,1,E:/ngs_unzip/8651_10378_59690_BBBV8_S9K_A006_GCCAAT_R_split/8651_10378_59690_BBBV8_S9K_A006_GCCAAT_R_1_2.fastq,321,
1862591.M02465:391:000000000-BBBV8:1:2110:22939:22752.2,151,TGGACCCTGCGTTCGGAGCCAACTCCAACAATCCCGATTGGGACGTCAACCCCAACAAGGATCACTGGCCAGAGGCAAATCAGGTAGGAGTGGGAGCATTCGGGACAGTGTTCAGAACGGAAGAGCGTCGGGGAGGGAAAGAGGGGAGGGT,18,N/A,N/A,N/A,N/A,N/A,None,None,"[127, 151]",25,"[57482237, 57482261]",Plus/Plus,gnl|hbvnuc|HM011487_FT00000_P-B,"[1, 104]",104,"[2936, 3039]",Plus/Plus,65.88400000000001,79.98758414986995,82.08846153846154,100.67681491910072,0,,,[],False,0,163,22,2,E:/ngs_unzip/8651_10378_59690_BBBV8_S9K_A006_GCCAAT_R_split/8651_10378_59690_BBBV8_S9K_A006_GCCAAT_R_1_2.fastq,326,
1926470.M02465:391:000000000-BBBV8:1:1105:6023:10538.1,149,ATCCATCCATCCATCCATCCATCCAACCATCTACCCGTCCATCCATCCATACATCCTTCAACCCACCATACCATCCACACGTAAACTAATCCATCCATGGATGAATCCATGAATCTGTCCACCCATGTGGCAAGCAATCTGGAAGACCC,1,AGBL4,True,0,N/A,transcript,"['1', 'ensembl_havana', 'gene', '48532855', '50023913', '.', '-', '.', 'gene_id ENSG00000186094""; gene_version ""16""; gene_name ""AGBL4""; gene_source ""ensembl_havana""; gene_biotype ""protein_coding""; havana_gene ""OTTHUMG00000007793""; havana_gene_version ""5"";\n']""","['1', 'havana', 'transcript', '48532855', '50023913', '.', '-', '.', 'gene_id ENSG00000186094""; gene_version ""16""; transcript_id ""ENST00000371839""; transcript_version ""5""; gene_name ""AGBL4""; gene_source ""ensembl_havana""; gene_biotype ""protein_coding""; havana_gene ""OTTHUMG00000007793""; havana_gene_version ""5""; transcript_name ""AGBL4-001""; transcript_source ""havana""; transcript_biotype ""protein_coding""; tag ""CCDS""; ccds_id ""CCDS44137""; havana_transcript ""OTTHUMT00000021346""; havana_transcript_version ""4""; tag ""basic""; transcript_support_level ""2"";\n']""","[1, 49]",49,"[48543400, 48543448]",Plus/Plus,gnl|hbvnuc|JF828929_FT00000_P-C,"[51, 149]",99,"[2038, 2136]",Plus/Plus,72.09591836734694,89.0912576192577,77.57272727272728,96.08940233168813,0,,,[],False,0,97,2,0,E:/ngs_unzip/8651_10378_59690_BBBV8_S9K_A006_GCCAAT_R_split/8651_10378_59690_BBBV8_S9K_A006_GCCAAT_R_1_1.fastq,340,
45604.M02465:391:000000000-BBBV8:1:1106:5892:5846.1,149,CTCCTCTCCTCCTCCTCTTCTCTTTCTCTTTCTTCCTTCTCTTCTCCCTTCCCTTTTTCCCCTCCCCCTCCATCACTCAGGCAAGCTATTCTTTGTTGTTTTTAGTTGATGAATCTGGACCCCTGGGTGGGAAGTCATTTGCACGACCC,1,N/A,N/A,N/A,N/A,N/A,None,None,"[5, 45]",41,"[88440984, 88441024]",Plus/Minus,gnl|hbvnuc|HM011500_FT00000_P-C,"[57, 149]",93,"[2044, 2136]",Plus/Plus,66.5,82.90758414986995,78.39032258064518,96.81080995632156,0,,,"[[113, 114]]",False,16,97,2,2,E:/ngs_unzip/8651_10378_59690_BBBV8_S9K_A006_GCCAAT_R_split/8651_10378_59690_BBBV8_S9K_A006_GCCAAT_R_2_1.fastq,6,
112622.M02465:391:000000000-BBBV8:1:1106:1932:16344.1,149,CTCACGCCTCAGCCTCCCTGTCCCGACTCCCTCCCACTCAAGCCTCCGCCACCTTGTCCAGCCCCCCACCCACTACCCACGCACCCTCCCCTGCGTTGCGGCGTCCTGATGAACCTGGCCACCTCGGCGGGAAGCAATTTCCAAGACCC,7,N/A,N/A,N/A,N/A,N/A,None,None,"[1, 59]",59,"[361764, 361822]",Plus/Plus,gnl|hbvnuc|AB670279_FT00000_P-C,"[41, 149]",109,"[2028, 2136]",Plus/Plus,81.30000000000001,98.8058892346157,86.18990825688074,104.8433639663837,19,57.56315789473685,69.80232099197521,[],False,0,97,2,2,E:/ngs_unzip/8651_10378_59690_BBBV8_S9K_A006_GCCAAT_R_split/8651_10378_59690_BBBV8_S9K_A006_GCCAAT_R_2_1.fastq,10,
168470.M02465:391:000000000-BBBV8:1:1106:21794:25594.1,151,GTTGTTGTTGCTGTTGTTGTTGTTGTTGTTGATGTTGTTGTTGTTGCGGATGATGGTTTTGTTGATGTTGTTGTAGTTGGTGTTGCTATTGTGTGTTGGGGTGAGTTGATGAATGTGGTTGTTGGGGTGGGAGGTGATTTGGATGATGTTG,12,DDX23,False,123.0,Down stream,N/A,"['12', 'ensembl_havana', 'gene', '48829764', '48852842', '.', '-', '.', 'gene_id ENSG00000174243""; gene_version ""9""; gene_name ""DDX23""; gene_source ""ensembl_havana""; gene_biotype ""protein_coding""; havana_gene ""OTTHUMG00000170399""; havana_gene_version ""3"";\n']""",None,"[2, 45]",44,"[48852965, 48853008]",Plus/Plus,gnl|hbvnuc|FJ386632_FT00000_P-C,"[85, 146]",62,"[2072, 2133]",Plus/Plus,63.59545454545455,80.24849324077903,73.89354838709679,91.52048737567641,0,,,[],False,0,73,2,0,E:/ngs_unzip/8651_10378_59690_BBBV8_S9K_A006_GCCAAT_R_split/8651_10378_59690_BBBV8_S9K_A006_GCCAAT_R_2_1.fastq,16,
171083.M02465:391:000000000-BBBV8:1:1106:24281:26229.2,151,GCCTCGTCGTCTAACAACCGTAGTTTCCGGAAGTGTTGATAAGATAAGGGCATTTGGTGGTCTCTACTCGGTCTTCTTTCTCATCCCCCCTCCCCCCTCTCCCCCCTCCTCCCTCCCCTTTTCTCTTCCCCCCTTCCTCCCTCCCCTTTTC,7,ACTR3B,True,0,N/A,N/A,"['7', 'ensembl_havana', 'gene', '152759749', '152855378', '.', '+', '.', 'gene_id ENSG00000133627""; gene_version ""17""; gene_name ""ACTR3B""; gene_source ""ensembl_havana""; gene_biotype ""protein_coding""; havana_gene ""OTTHUMG00000151463""; havana_gene_version ""3"";\n']""",None,"[86, 145]",60,"[152785409, 152785468]",Plus/Plus,gnl|hbvnuc|FJ386625_FT00000_P-C,"[1, 72]",72,"[2288, 2359]",Plus/Minus,83.07666666666668,100.6242508165366,75.49166666666667,93.44925081653662,0,,,"[[15, 17], [41, 42]]",False,0,147,2,11,E:/ngs_unzip/8651_10378_59690_BBBV8_S9K_A006_GCCAAT_R_split/8651_10378_59690_BBBV8_S9K_A006_GCCAAT_R_2_2.fastq,17,
427047.M02465:391:000000000-BBBV8:1:1104:12434:19055.2,149,ACCATCACCCTCATCATCATCATCACCACCATCATACTAACCATCATTACCCTCTTGACCACTATTTCCATGAACATCAACAACCAGCACAGCACCATCAAAGACCTGCACGACTCCAGCACAAGCAACCTCTATGTCTCCCTCTTGTT,22,CTA-722E9.1,False,3985.0,Down stream,N/A,"['22', 'havana', 'gene', '49500568', '49501585', '.', '+', '.', 'gene_id ENSG00000280224""; gene_version ""1""; gene_name ""CTA-722E9.1""; gene_source ""havana""; gene_biotype ""lincRNA""; havana_gene ""OTTHUMG00000189188""; havana_gene_version ""1"";\n']""",None,"[1, 35]",35,"[49505570, 49505604]",Plus/Minus,gnl|hbvnuc|EU939611_FT00000_P-C,"[47, 149]",103,"[464, 566]",Plus/Plus,64.43142857142858,80.22186986415566,77.87669902912621,96.4512734702583,0,,,[],False,16,163,2,0,E:/ngs_unzip/8651_10378_59690_BBBV8_S9K_A006_GCCAAT_R_split/8651_10378_59690_BBBV8_S9K_A006_GCCAAT_R_2_2.fastq,31,
447688.M02465:391:000000000-BBBV8:1:1104:14094:22373.1,151,TCCATCTGGCGGCCGCTTTGAGATCGTGCTCTCGGCTTCCGGAGCTGCGGTGGCAGCTGCCGAGGGAGGGGACCGTCCCCGCTGTGAGCTAGGCAGAGCTCCGGAAAGGACCGTTGCTCGGCAACGGGCAGGTCTTTGCCAAGTGTTTGCT,21,MIR6724-3,False,102.0,Up stream,N/A,"['21', 'ensembl', 'gene', '8388362', '8388453', '.', '+', '.', 'gene_id ENSG00000277379""; gene_version ""1""; gene_name ""MIR6724-3""; gene_source ""ensembl""; gene_biotype ""miRNA"";\n']""",None,"[1, 108]",108,"[8388153, 8388260]",Plus/Plus,gnl|hbvnuc|KJ410499_FT00000_P-C,"[111, 151]",41,"[1148, 1188]",Plus/Plus,86.38703703703705,105.02795452024031,72.50000000000001,88.90758414986995,0,,,[],False,0,99,1,1,E:/ngs_unzip/8651_10378_59690_BBBV8_S9K_A006_GCCAAT_R_split/8651_10378_59690_BBBV8_S9K_A006_GCCAAT_R_2_1.fastq,33,
468518.M02465:391:000000000-BBBV8:1:1104:7690:26786.1,150,CCTTCTGTTTTTTTCTCCCTTTTCTTTTCCTTTTCCCCCTTCCTCTCTCCTCTTTCCTCTCTTCTTTCTTCCTGCTTCGGCCCAGGGTTTCCTGTTCCGGCACTGGCGCCCCCAGCAGGAAAATCTAGGCCCCTCCCTCTGTGATCTAGC,7,N/A,N/A,N/A,N/A,N/A,None,None,"[3, 27]",25,"[4140519, 4140543]",Plus/Minus,gnl|hbvnuc|FJ562280_FT00000_P-C,"[83, 150]",68,"[25, 92]",Plus/Minus,49.48400000000001,63.58758414986996,80.33529411764707,98.17229003222289,0,,,[],False,16,81,22,0,E:/ngs_unzip/8651_10378_59690_BBBV8_S9K_A006_GCCAAT_R_split/8651_10378_59690_BBBV8_S9K_A006_GCCAAT_R_2_1.fastq,41,
484417.M02465:391:000000000-BBBV8:1:1101:24338:4876.2,150,CGTTGAAATAGCTGACTACTAATTAGCTGGATGATGGGTCTTCCAAATTAAGAGACATAAAGGGGGAAAGAAGAAAAAACGCACAAGAAAAAAGAAAAGAGAGACAGAGAGAAGAAAGGAGAGGAGAAAAAAGAGACGGAGAAGAGAAGG,5,GFRA3,True,0,N/A,N/A,"['5', 'ensembl_havana', 'gene', '138252379', '138274671', '.', '-', '.', 'gene_id ENSG00000146013""; gene_version ""10""; gene_name ""GFRA3""; gene_source ""ensembl_havana""; gene_biotype ""protein_coding""; havana_gene ""OTTHUMG00000129200""; havana_gene_version ""2"";\n']""",None,"[91, 150]",60,"[138254952, 138255011]",Plus/Minus,gnl|hbvnuc|AB033550_FT00000_P-C,"[3, 50]",48,"[2122, 2169]",Plus/Minus,70.77666666666667,88.3242508165366,65.41250000000001,82.34508414986995,0,,,"[[115, 118], [120, 121], [136, 137]]",False,16,147,2,1,E:/ngs_unzip/8651_10378_59690_BBBV8_S9K_A006_GCCAAT_R_split/8651_10378_59690_BBBV8_S9K_A006_GCCAAT_R_2_2.fastq,50,
565853.M02465:391:000000000-BBBV8:1:1101:6130:17766.2,151,CCTAACCCTACCCCTAACCCTAACCCTAATCCTCCACCTAACTGAAACCCTAACCCTAAGCGAAAGCCCAACGCACCACTGAACACAAAGCATTAGCCAAATGAGACATGAGAAACGGACCGAGACCCACTCCCATAGGAATCTTGCGAAA,5,RPL23AP45,True,0,N/A,exon,"['5', 'havana', 'gene', '181471963', '181472430', '.', '+', '.', 'gene_id ENSG00000213285""; gene_version ""4""; gene_name ""RPL23AP45""; gene_source ""havana""; gene_biotype ""processed_pseudogene""; havana_gene ""OTTHUMG00000157971""; havana_gene_version ""1"";\n']""","['5', 'havana', 'exon', '181471963', '181472430', '.', '+', '.', 'gene_id ENSG00000213285""; gene_version ""4""; transcript_id ""ENST00000476406""; transcript_version ""1""; exon_number ""1""; gene_name ""RPL23AP45""; gene_source ""havana""; gene_biotype ""processed_pseudogene""; havana_gene ""OTTHUMG00000157971""; havana_gene_version ""1""; transcript_name ""RPL23AP45-001""; transcript_source ""havana""; transcript_biotype ""processed_pseudogene""; havana_transcript ""OTTHUMT00000349942""; havana_transcript_version ""1""; exon_id ""ENSE00001938034""; exon_version ""1""; tag ""basic""; transcript_support_level ""NA"";\n']""","[1, 59]",59,"[10449, 10507]",Plus/Minus,gnl|hbvnuc|AB195957_FT00000_P-RF-CB,"[29, 151]",123,"[625, 747]",Plus/Minus,73.65593220338984,91.16182143800555,79.43333333333334,98.24091748320328,31,61.72580645161291,76.9721002789022,[],False,16,147,2,11,E:/ngs_unzip/8651_10378_59690_BBBV8_S9K_A006_GCCAAT_R_split/8651_10378_59690_BBBV8_S9K_A006_GCCAAT_R_2_2.fastq,69,
595274.M02465:391:000000000-BBBV8:1:1101:8457:22398.2,149,CCATCACCACCACCATCACCACCACCACGAATACTGCGACCTACAACTTACACCACACCCAGAAGACCAGAAACCACAACCCACCCCAAAACAGAATAGCTTCCCTGAGTGCTGTATGGTGAGCTGAACAATGTTCCGGAGACTCTAAG,21,PRDM15,True,0,N/A,transcript,"['21', 'ensembl_havana', 'gene', '41798225', '41879482', '.', '-', '.', 'gene_id ENSG00000141956""; gene_version ""13""; gene_name ""PRDM15""; gene_source ""ensembl_havana""; gene_biotype ""protein_coding""; havana_gene ""OTTHUMG00000086781""; havana_gene_version ""7"";\n']""","['21', 'ensembl_havana', 'transcript', '41798225', '41810466', '.', '-', '.', 'gene_id ENSG00000141956""; gene_version ""13""; transcript_id ""ENST00000470586""; transcript_version ""5""; gene_name ""PRDM15""; gene_source ""ensembl_havana""; gene_biotype ""protein_coding""; havana_gene ""OTTHUMG00000086781""; havana_gene_version ""7""; transcript_name ""PRDM15-004""; transcript_source ""ensembl_havana""; transcript_biotype ""processed_transcript""; havana_transcript ""OTTHUMT00000195234""; havana_transcript_version ""1""; transcript_support_level ""1"";\n']""","[1, 28]",28,"[41806671, 41806698]",Plus/Minus,gnl|hbvnuc|D23683_FT00000_P-C,"[31, 149]",119,"[2023, 2141]",Plus/Minus,65.77857142857144,80.51472700701281,79.23277310924371,98.00002112465987,0,,,[],False,16,153,0,0,E:/ngs_unzip/8651_10378_59690_BBBV8_S9K_A006_GCCAAT_R_split/8651_10378_59690_BBBV8_S9K_A006_GCCAAT_R_2_2.fastq,75,
693905.M02465:391:000000000-BBBV8:1:1102:23941:15032.2,150,ACTTCATCATCATCAGCACCAGCACCATCATCACCACCTCCCACCTCGCCGGCCAGATTCATAACCTCACCCCAACACAGAAAACCTTGCCACAGGCATGAATGGTGACGCGAACAATGCTCCGGAGACTCTAAGGCCTCCCGATACCAA,17,N/A,N/A,N/A,N/A,N/A,None,None,"[9, 37]",29,"[77485378, 77485406]",Plus/Plus,gnl|hbvnuc|DQ089770_FT00000_P-C,"[36, 147]",112,"[2011, 2122]",Plus/Minus,62.920689655172424,77.83861863262858,81.95892857142857,100.64865557844138,2,6,12.00468207789204,[],False,0,147,22,0,E:/ngs_unzip/8651_10378_59690_BBBV8_S9K_A006_GCCAAT_R_split/8651_10378_59690_BBBV8_S9K_A006_GCCAAT_R_2_2.fastq,82,
909735.M02465:391:000000000-BBBV8:1:1107:24758:25893.2,150,CGTTGACATAGCTGACTACTAATTCCCTGGATGCTGGGTCTTCCAAATTACTTCCCACCCAGGAGGAGAGAGGAAGGAAGGGACAGAAAGAGAGAAGAGAGGGGAGGAGAGAGGAAGGGGGAGGAGAAGAAAGAGAAGGAGAGGGGAAGG,22,N/A,N/A,N/A,N/A,N/A,None,None,"[122, 150]",29,"[11041043, 11041071]",Plus/Minus,gnl|hbvnuc|JF828916_FT00000_P-C,"[1, 66]",66,"[2106, 2171]",Plus/Minus,62.920689655172424,77.83861863262858,75.21212121212122,92.98334172562753,0,,,[],False,16,147,22,11,E:/ngs_unzip/8651_10378_59690_BBBV8_S9K_A006_GCCAAT_R_split/8651_10378_59690_BBBV8_S9K_A006_GCCAAT_R_2_2.fastq,108,
1033307.M02465:391:000000000-BBBV8:1:1108:10998:21103.2,149,CATCATCCCAATATCCCAACATCCCCTCGTCGAATACTCACAACAGCTCACCATTTCACCTCTACATCATGGAACATCAACAACCAGCACGGAGCCATGCAAGACATGCACGCTTCATGCTCAAGGAACCTCTATGTTTCAATCTTGTT,12,NTN4,False,2531.0,Up stream,N/A,"['12', 'ensembl_havana', 'gene', '95657807', '95791152', '.', '-', '.', 'gene_id ENSG00000074527""; gene_version ""11""; gene_name ""NTN4""; gene_source ""ensembl_havana""; gene_biotype ""protein_coding""; havana_gene ""OTTHUMG00000170290""; havana_gene_version ""2"";\n']""",None,"[1, 31]",31,"[95655246, 95655276]",Plus/Minus,gnl|hbvnuc|JF828919_FT00000_P-C,"[51, 149]",99,"[468, 566]",Plus/Plus,64.37096774193549,79.61726156922478,76.74444444444445,95.26111950340531,0,,,[],False,16,163,0,11,E:/ngs_unzip/8651_10378_59690_BBBV8_S9K_A006_GCCAAT_R_split/8651_10378_59690_BBBV8_S9K_A006_GCCAAT_R_2_2.fastq,119,
1058629.M02465:391:000000000-BBBV8:1:1108:24394:25839.2,151,TGGACCCTGCGTTCGGAGCCAACTCCAACAATCCCGATTGGGACTTCAACCCCAACAAGGATCACTGGCCAGAGGCAAAGCAGGGAGGAGAGGGAGAAAGGGGGAAAGGGAAAAGAGAGGAAGAGAGGAGAGGAGGGAAAGAGAGGAGGGA,6,N/A,N/A,N/A,N/A,N/A,None,None,"[91, 151]",61,"[8751869, 8751929]",Plus/Minus,gnl|hbvnuc|X75665_FT00000_P-C,"[1, 96]",96,"[2936, 3031]",Plus/Plus,76.05737704918033,93.64528906790274,81.8125,100.28258414986995,6,20,26.004682077892042,"[[7, 8], [36, 37]]",False,16,163,22,11,E:/ngs_unzip/8651_10378_59690_BBBV8_S9K_A006_GCCAAT_R_split/8651_10378_59690_BBBV8_S9K_A006_GCCAAT_R_2_2.fastq,124,
1102879.M02465:391:000000000-BBBV8:1:1114:6024:9391.2,151,AACAACAACAACAACAACAACAACAACAACAACAACAACAAAAACAACAAAAACAACAACAATAAAAACCAAAATAACCGCTAACATAACTAACAACAAAACCACTAGAAGAAAAAACTACCAAATTACTTCACACCCAAGTGGCCAGATT,2,KLF2P2,True,0,N/A,N/A,"['2', 'havana', 'gene', '130427731', '130429225', '.', '+', '.', 'gene_id ENSG00000230646""; gene_version ""1""; gene_name ""KLF2P2""; gene_source ""havana""; gene_biotype ""processed_pseudogene""; havana_gene ""OTTHUMG00000153926""; havana_gene_version ""1"";\n']""",None,"[1, 54]",54,"[130428027, 130428080]",Plus/Plus,gnl|hbvnuc|GQ377599_FT00000_P-C,"[118, 151]",34,"[2099, 2132]",Plus/Minus,64.5962962962963,81.87054711283291,63.21176470588236,78.87817238516406,0,,,[],False,0,147,9,0,E:/ngs_unzip/8651_10378_59690_BBBV8_S9K_A006_GCCAAT_R_split/8651_10378_59690_BBBV8_S9K_A006_GCCAAT_R_2_2.fastq,131,
1323570.M02465:391:000000000-BBBV8:1:1113:4361:19282.1,149,ACATCATCAACATCATCACCATCACCATCATAACCCTCACCATCATCACCATATTCATCATCACCACAATCACCACATAACCATCATCTCCAGCACCGTCATGACCAGATGAATCTGGCCACCTGGCTGCGAAGTAATTTTGAACACCC,5,LINC01019,True,0,N/A,N/A,"['5', 'havana', 'gene', '3417152', '3536094', '.', '-', '.', 'gene_id ENSG00000248118""; gene_version ""1""; gene_name ""LINC01019""; gene_source ""havana""; gene_biotype ""lincRNA""; havana_gene ""OTTHUMG00000161629""; havana_gene_version ""1"";\n']""",None,"[5, 51]",47,"[3446792, 3446838]",Plus/Minus,gnl|hbvnuc|JX026888_FT00000_P-C,"[108, 149]",42,"[2095, 2136]",Plus/Plus,68.91276595744682,85.77992457540186,69.39047619047619,85.88377462606043,0,,,[],False,16,97,2,0,E:/ngs_unzip/8651_10378_59690_BBBV8_S9K_A006_GCCAAT_R_split/8651_10378_59690_BBBV8_S9K_A006_GCCAAT_R_2_1.fastq,153,
1330584.M02465:391:000000000-BBBV8:1:1113:3925:20306.1,150,GATGAAGATGATGATGATGATAATGCAGATGATGCTGATAACGCTGATCCAGACAGTGGTGGAACTCCCTATGAATCACTTAACAATTGTCACTAGTTAATTGAGCCGTTAGTAACGGACTTGGTTCCTCTTCATTATGAATCTCGCGAA,6,NPM1P36,True,0,N/A,exon,"['6', 'havana', 'gene', '55939790', '55940624', '.', '-', '.', 'gene_id ENSG00000214604""; gene_version ""3""; gene_name ""NPM1P36""; gene_source ""havana""; gene_biotype ""processed_pseudogene""; havana_gene ""OTTHUMG00000014904""; havana_gene_version ""1"";\n']""","['6', 'havana', 'exon', '55939790', '55940624', '.', '-', '.', 'gene_id ENSG00000214604""; gene_version ""3""; transcript_id ""ENST00000415681""; transcript_version ""1""; exon_number ""1""; gene_name ""NPM1P36""; gene_source ""havana""; gene_biotype ""processed_pseudogene""; havana_gene ""OTTHUMG00000014904""; havana_gene_version ""1""; transcript_name ""NPM1P36-001""; transcript_source ""havana""; transcript_biotype ""processed_pseudogene""; havana_transcript ""OTTHUMT00000041001""; havana_transcript_version ""1""; exon_id ""ENSE00001704853""; exon_version ""1""; tag ""basic""; transcript_support_level ""NA"";\n']""","[3, 34]",32,"[55940131, 55940162]",Plus/Plus,gnl|hbvnuc|KC774288_FT00000_P-C,"[49, 150]",102,"[626, 727]",Plus/Minus,57.98125000000001,73.37633414986995,75.5921568627451,94.15268218908564,0,,,[],False,0,83,2,1,E:/ngs_unzip/8651_10378_59690_BBBV8_S9K_A006_GCCAAT_R_split/8651_10378_59690_BBBV8_S9K_A006_GCCAAT_R_2_1.fastq,154,
1362361.M02465:391:000000000-BBBV8:1:1113:24447:25963.2,151,CGGTGACAGAGCAGACGACGAAATCGCTGGATGCTGGGTCTTCCAAATTAACAAAAAAACAGGAGGAAAGAGGGAGGAAAAAACAAGAAGAAAGAAGAGGGGGGAGGAGAGAGGAAGGGAGAGGGGAAGAAGGAAAAGGAGAAGAGAAGGA,14,N/A,N/A,N/A,N/A,N/A,None,None,"[87, 151]",65,"[79262371, 79262435]",Plus/Minus,gnl|hbvnuc|JF828913_FT00000_P-C,"[1, 50]",50,"[2122, 2171]",Plus/Minus,76.00153846153847,93.73835338063918,72.772,89.82758414986994,0,,,"[[93, 94], [108, 109]]",False,16,147,22,2,E:/ngs_unzip/8651_10378_59690_BBBV8_S9K_A006_GCCAAT_R_split/8651_10378_59690_BBBV8_S9K_A006_GCCAAT_R_2_2.fastq,166,
1362233.M02465:391:000000000-BBBV8:1:1113:24481:25937.2,151,GATGTACAGACTTGGCCCCCAATACCACATCATCCACATAACTGAAAGCCAAACAGTGGGGGAAAGAAATAAGAAGAAGTGAACAAAAGGAAAAAGAAAAAGGAGAAAAGAGAAAGGGAAAGAGGAAAAAAAGAAAAGGAAAAAAGAGAAA,13,CYSLTR2,True,0,N/A,N/A,"['13', 'ensembl_havana', 'gene', '48653711', '48711226', '.', '+', '.', 'gene_id ENSG00000152207""; gene_version ""7""; gene_name ""CYSLTR2""; gene_source ""ensembl_havana""; gene_biotype ""protein_coding""; havana_gene ""OTTHUMG00000016906""; havana_gene_version ""4"";\n']""",None,"[107, 145]",39,"[48695259, 48695297]",Plus/Plus,gnl|hbvnuc|FJ386619_FT00000_P-C,"[3, 125]",123,"[651, 773]",Plus/Minus,59.22307692307693,75.4460456883315,76.10000000000001,94.90758414986995,19,46.773684210526326,59.012847307764694,[],False,0,147,0,1,E:/ngs_unzip/8651_10378_59690_BBBV8_S9K_A006_GCCAAT_R_split/8651_10378_59690_BBBV8_S9K_A006_GCCAAT_R_2_2.fastq,169,
1444203.M02465:391:000000000-BBBV8:1:1112:11358:14929.2,149,AACAACAACAACAACAACAACAACAACACCGACCACAAAAGGAATGAGCGCCGTGTCTCCAACACGTACAGGCACAACAACAACAAGCACAGGGCCAAGAAACACCAGCACGATACCTGCTCAAAGAACCTCGATGTTTCCCTCTTGCT,10,LINC00710,True,0,N/A,transcript,"['10', 'havana', 'gene', '10917880', '10952234', '.', '-', '.', 'gene_id ENSG00000229240""; gene_version ""8""; gene_name ""LINC00710""; gene_source ""havana""; gene_biotype ""processed_transcript""; havana_gene ""OTTHUMG00000017661""; havana_gene_version ""7"";\n']""","['10', 'havana', 'transcript', '10934942', '10952095', '.', '-', '.', 'gene_id ENSG00000229240""; gene_version ""8""; transcript_id ""ENST00000634614""; transcript_version ""1""; gene_name ""LINC00710""; gene_source ""havana""; gene_biotype ""processed_transcript""; havana_gene ""OTTHUMG00000017661""; havana_gene_version ""7""; transcript_name ""LINC00710-018""; transcript_source ""havana""; transcript_biotype ""lincRNA""; havana_transcript ""OTTHUMT00000488466""; havana_transcript_version ""1""; tag ""basic"";\n']""","[1, 30]",30,"[10939276, 10939305]",Plus/Minus,gnl|hbvnuc|JN827424_FT00000_P-C,"[69, 147]",79,"[486, 564]",Plus/Plus,57.52000000000001,72.60758414986995,77.14810126582279,95.28733098531298,0,,,[],False,16,163,0,0,E:/ngs_unzip/8651_10378_59690_BBBV8_S9K_A006_GCCAAT_R_split/8651_10378_59690_BBBV8_S9K_A006_GCCAAT_R_2_2.fastq,178,
1462903.M02465:391:000000000-BBBV8:1:1112:27561:17569.2,151,GGTGTGGGCAGTGTGGGCAGTGTGGCTAGTGATGCACGTGAGGGTAGTGTAGGCAGTGGGGGGAGGGCGTACAGACCACGGAACAAATGGCGCGAGTAAAGTGAGCCAAGAGAAACGGACTGAGGCACACTCCCATAGGAATCTTGCGAAA,11_KI270903v1_alt,N/A,N/A,N/A,N/A,N/A,None,None,"[2, 31]",30,"[144606, 144635]",Plus/Minus,gnl|hbvnuc|AB198083_FT00000_P-C,"[54, 151]",98,"[625, 722]",Plus/Minus,68.45333333333335,83.54091748320329,80.63061224489796,99.13207394578832,0,,,[],False,16,147,0,2,E:/ngs_unzip/8651_10378_59690_BBBV8_S9K_A006_GCCAAT_R_split/8651_10378_59690_BBBV8_S9K_A006_GCCAAT_R_2_2.fastq,180,
1512439.M02465:391:000000000-BBBV8:1:1112:24756:25922.2,150,CGTTGACATAGCTGACTACTAATTCCCTGGATGCTGGGTCTTCCAAATTACTTCCCACCCAGGAGGAAAGAGAGAGGAAAGAACAGGAAAAAAGAAGAGAAAGAAAGAGAGAGGAAGGGAGAGGAGAAGAAGGAGAAGGAGAGGAGAAGG,21,DSCR10,True,0,N/A,N/A,"['21', 'ensembl_havana', 'gene', '38206156', '38208644', '.', '+', '.', 'gene_id ENSG00000233316""; gene_version ""3""; gene_name ""DSCR10""; gene_source ""ensembl_havana""; gene_biotype ""sense_intronic""; havana_gene ""OTTHUMG00000090611""; havana_gene_version ""2"";\n']""",None,"[109, 150]",42,"[38207412, 38207453]",Plus/Plus,gnl|hbvnuc|GQ475322_FT00000_P-C,"[1, 66]",66,"[2106, 2171]",Plus/Minus,71.34285714285716,87.83615557844136,75.21212121212122,92.98334172562753,0,,,"[[10, 11], [19, 21]]",False,0,147,2,1,E:/ngs_unzip/8651_10378_59690_BBBV8_S9K_A006_GCCAAT_R_split/8651_10378_59690_BBBV8_S9K_A006_GCCAAT_R_2_2.fastq,185,
1531877.M02465:391:000000000-BBBV8:1:1111:24476:4935.2,151,GATGTACAGACTTGGCCCCCAATACTACATCATCCACATAACTGAAAGCAAAACAGTGGGGGAAAGAAATAAGAAAAAAAGAACAAAAGGAAAAAGAAAAAGGAGAAAAGAGAAAAGGAAAGAGGAAAAAAAGAAAAGGAAGAGAGAGAAA,9,N/A,N/A,N/A,N/A,N/A,None,None,"[62, 143]",82,"[86201644, 86201725]",Plus/Minus,gnl|hbvnuc|JF828919_FT00000_P-C,"[3, 125]",123,"[651, 773]",Plus/Minus,67.7,85.90758414986995,74.43333333333334,93.24091748320328,64,65.92500000000001,83.62633414986995,"[[81, 85], [101, 102], [109, 110], [123, 125]]",False,16,147,0,11,E:/ngs_unzip/8651_10378_59690_BBBV8_S9K_A006_GCCAAT_R_split/8651_10378_59690_BBBV8_S9K_A006_GCCAAT_R_2_2.fastq,194,
1533121.M02465:391:000000000-BBBV8:1:1111:24696:5209.2,151,GAGCCATGAGAAACGGACTGAGGCCAACTCCCATAGGAATCTTGAGAAAGCTAAAGATGATGGGATGGGAAGAGAAGAGAAGTTAAAGAACGAAGGAAGAGGAGAGGAAGAAGAGAAAGGAAGAGAGAAGAGAAGGGAAAGAGAGGAGGAA,10,N/A,N/A,N/A,N/A,N/A,None,None,"[123, 148]",26,"[28953747, 28953772]",Plus/Minus,gnl|hbvnuc|FJ386620_FT00000_P-C,"[1, 84]",84,"[590, 673]",Plus/Minus,59.53846153846155,73.8691226114084,75.93095238095239,94.18139367367947,0,,,[],False,16,147,22,11,E:/ngs_unzip/8651_10378_59690_BBBV8_S9K_A006_GCCAAT_R_split/8651_10378_59690_BBBV8_S9K_A006_GCCAAT_R_2_2.fastq,196,
1661901.M02465:391:000000000-BBBV8:1:1111:24486:25958.2,151,CATTGACATAGCTGACTACTAATTCCCGGGATGCTGGGTCTTCCAAATTACGACGAACCCAGGGGGAGAGAAAAAAGAAAAGACGAAAAGAAAGAAAAGAGGGGAAGAGGGAGGGAAGGAGAGGAGAAGAAAAGAGAGGAGAGGAGAAGGA,12,N/A,N/A,N/A,N/A,N/A,None,None,"[119, 147]",29,"[115674315, 115674343]",Plus/Plus,gnl|hbvnuc|FJ562319_FT00000_P-C,"[1, 66]",66,"[2106, 2171]",Plus/Minus,61.50689655172415,76.4248255291803,75.83333333333334,93.60455384683965,0,,,[],False,0,147,2,1,E:/ngs_unzip/8651_10378_59690_BBBV8_S9K_A006_GCCAAT_R_split/8651_10378_59690_BBBV8_S9K_A006_GCCAAT_R_2_2.fastq,218,
1801103.M02465:391:000000000-BBBV8:1:1110:9180:23383.2,151,ACAACATCACCATCACCACCATCATCATCATCACCACCACAGTAAGAGGCCCGGTTGTCCTCTACTTCAAAGAACAACAACGACCAGCACGGAGCCAGGCAAGACCATCACGATTACCGCTCAAGGAACCTCTATGTTTCCCTCATCATTC,1,N/A,N/A,N/A,N/A,N/A,None,None,"[5, 40]",36,"[19061335, 19061370]",Plus/Plus,gnl|hbvnuc|FJ787480_FT00000_P-RF-CB,"[33, 144]",112,"[450, 561]",Plus/Plus,66.72222222222223,82.62980637209218,80.49464285714286,99.18436986415566,8,26,32.00468207789204,[],False,0,163,0,0,E:/ngs_unzip/8651_10378_59690_BBBV8_S9K_A006_GCCAAT_R_split/8651_10378_59690_BBBV8_S9K_A006_GCCAAT_R_2_2.fastq,234,
1808256.M02465:391:000000000-BBBV8:1:1110:6634:24758.1,149,ACCCATTAAATCATCATTTAGCATTAGGTATATCTCCTAATGCTATCCGTCCATTGTTCACCTCACCATACAGCACTCAGGCAAGCTATTCTGTGCTGGGGTGAGTCGATGAATCTGGCTACCTGGGTGGGAAGTAATTGGGAAGACCC,11,N/A,N/A,N/A,N/A,N/A,None,None,"[1, 52]",52,"[114492026, 114492077]",Plus/Minus,gnl|hbvnuc|GQ377623_FT00000_P-C,"[57, 149]",93,"[2044, 2136]",Plus/Plus,66.95,84.1191226114084,79.2720430107527,97.69253038642908,0,,,[],False,16,99,0,22,E:/ngs_unzip/8651_10378_59690_BBBV8_S9K_A006_GCCAAT_R_split/8651_10378_59690_BBBV8_S9K_A006_GCCAAT_R_2_1.fastq,236,
1838998.M02465:391:000000000-BBBV8:1:1109:18582:6024.2,149,ATGATGATGGTGATGATGGTGATGCTGGGGATGCTGGGGCTGCTGATTTAGTTGCCGCTGAGGGGGCTGGAGTCGTCGACTCAGCCGAAGATAGAATAGCTGGCCTGAGTGCTGTATGGGGAGGTGAACAATGTTCCGGAGACGCTAAG,8,N/A,N/A,N/A,N/A,N/A,None,None,"[2, 33]",32,"[41900580, 41900611]",Plus/Plus,gnl|hbvnuc|JX429905_FT00000_P-C,"[29, 149]",121,"[2023, 2143]",Plus/Minus,64.3875,79.78258414986995,82.72314049586777,101.51088993499391,5,16,22.004682077892042,[],False,0,153,2,2,E:/ngs_unzip/8651_10378_59690_BBBV8_S9K_A006_GCCAAT_R_split/8651_10378_59690_BBBV8_S9K_A006_GCCAAT_R_2_2.fastq,244,
1963841.M02465:391:000000000-BBBV8:1:1109:24612:25912.2,150,CGTTGACATAGCTGACTACTAATTCCCTGGATGCTGGGTCTTCCAAATTACTTCCCACCCAGGAGGAGAGAAGAAGGAAGGGACGAGAAAAAAGAAGAGAGAGGGGGAGGGGAGGAGGGGGAGGGGAAGAAGGAGGAGGAGAAGGGAAGG,7,N/A,N/A,N/A,N/A,N/A,None,None,"[101, 149]",49,"[69166193, 69166241]",Plus/Minus,gnl|hbvnuc|AB675677_FT00000_P-C,"[3, 66]",64,"[2106, 2169]",Plus/Minus,78.78979591836736,95.78513517027811,74.25312500000001,91.95445914986995,0,,,[],False,16,147,2,1,E:/ngs_unzip/8651_10378_59690_BBBV8_S9K_A006_GCCAAT_R_split/8651_10378_59690_BBBV8_S9K_A006_GCCAAT_R_2_2.fastq,253,
